xo,yo,vxo,vyo,xg,yg,thetag,vxg,vyg,omegag
9.2859545906893,6.394522143348297,-2.309247617411446,-2.1640410249156417,9.62551584441266,6.504323250402157,0.0005717038353249993,-0.1113859748371193,-2.2117753319890796,0.13720892047799982
