data_id,trial,plan iters,plan time,best cost
0,0,2110,5,4.670760956167557
1,0,2030,5,5.147805114343069
2,0,1980,5,4.5566556760703465
3,0,1910,5,4.498703144442736
4,0,1920,5,5.059006642136129
5,0,1810,5,inf
6,0,1820,5,5.038376910219026
7,0,1740,5,4.716081876412921
8,0,1660,5,4.581908403641372
9,0,1600,5,5.35646547753403
