data_id,trial,plan iters,plan time,best cost
0,0,6060,30,0.706204935614461
1,0,6100,30,0.613605068406024
2,0,5920,30,0.44124373887034435
3,0,7000,30,0.17961037816383527
4,0,6720,30,0.312034331183417
5,0,6370,30,0.24152714017719135
6,0,6390,30,0.2110790783796544
7,0,5370,30,0.5262114782726469
8,0,5440,30,0.08587807261564354
9,0,5220,30,0.5993663904252721
